Character,Moon,CharMoon,Move,Damage,Red Damage,Proration,Cancel,Guard,First Active,Active,Recovery,Frame Adv,TotalFrames,Circuit,Image,Image2
Kouma,Full_Moon,F-Kouma,5A,400,202,80% (O),"-SE-, -N-, -SP-, -EX-, (J)",LH,5,4,6,2,14,2.7%,https://mizuumi.wiki/images/9/99/MBFKouma5A.png,
Kouma,Full_Moon,F-Kouma,5B,700,454,100%,"N, SP, EX, (J)",LH,11,4,17,-6,31,6.3%,https://mizuumi.wiki/images/1/14/MBCKouma5B.png,
Kouma,Full_Moon,F-Kouma,5C,1000,707,90% (O),"N*, SP, EX, (J)",LH,7 ~ 24,4,20,-6,30,9.0%,https://mizuumi.wiki/images/9/95/MBHKouma5C.png,
Kouma,Full_Moon,F-Kouma,5[C] ~2,"300, 1000 (1268) 300, 1500 (1753)",(596) (1281),75% 100%,-,U,42,2,23,-,30,7.2%,https://mizuumi.wiki/images/9/95/MBHKouma5C.png,
Kouma,Full_Moon,F-Kouma,2A,350,202,75% (O),"-SE-, -N-, -SP-, -EX-, (J)",LH,5,4,7,1,15,3.15%,https://mizuumi.wiki/images/d/d3/MBFKouma2A.png,
Kouma,Full_Moon,F-Kouma,2B,800,454,80% (O),"N, SP, EX, (J)",LH,7,3,16,-4,25,7.2%,https://mizuumi.wiki/images/e/e3/MBFKouma2B.png,
Kouma,Full_Moon,F-Kouma,2C,1200,585,50% (O),"N*, SP, EX, (J)",L,11 ~ 24,3,19,-4,32,10.8%,https://mizuumi.wiki/images/5/5b/MBFKouma2C.png,
Kouma,Full_Moon,F-Kouma,2[C],1500,1090,70% (O),"N*, SP, EX, (J)",L,31,3,10,5,32,11.7%,https://mizuumi.wiki/images/5/5b/MBFKouma2C.png,
Kouma,Full_Moon,F-Kouma,j.A,300,151,75% (O),"-SP-, -EX-",HA,5,3,18,-,25,2.7%,https://mizuumi.wiki/images/f/f3/MBFKoumajA.png,
Kouma,Full_Moon,F-Kouma,j.B,800,606,90% (O),"SP, EX",HA,6,3,20,-,28,7.2%,https://mizuumi.wiki/images/b/b3/MBHKoumajB.png,
Kouma,Full_Moon,F-Kouma,j.C,1000,606,85% (O),"SP, EX",HA,9 ~ 18,5,20,-,33,8.1%,https://mizuumi.wiki/images/3/30/MBHKoumajC.png,
Kouma,Full_Moon,F-Kouma,j.[C],1500,1212,90% (M),"SP, EX, J",HA,25,3,-,-,33,12.1%,https://mizuumi.wiki/images/3/30/MBHKoumajC.png,
Kouma,Full_Moon,F-Kouma,6C,700,505,50% (O),"SP, EX, (J)",LH,15,4,19,-5,37,7.2%,https://mizuumi.wiki/images/2/2a/MBHKouma6C.png,
Kouma,Full_Moon,F-Kouma,Ground Throw,1300,808,70%,-,U,3,1,22,-,25,0.0%,https://mizuumi.wiki/images/0/05/MBCKoumaThrow.png,
Kouma,Full_Moon,F-Kouma,Air Throw,1600,606,30%,-,U,2,1,Until Landing+12,-,14,0.0%,https://mizuumi.wiki/images/d/da/MBCKoumaThrowAir.png,
Kouma,Full_Moon,F-Kouma,Shield Counter (Ground),500 (345),300 (198),40%,"SP, EX, (J)",LHA,9,4,18,-4,30,3.5%,https://mizuumi.wiki/images/1/16/MBCKoumaShieldCounter.png,
Kouma,Full_Moon,F-Kouma,Shield Counter (Air),500 (303),300 (174),50%,-,HA,9,4,-,-,30,3.5%,https://mizuumi.wiki/images/1/16/MBCKoumaShieldCounter.png,
Kouma,Full_Moon,F-Kouma,Shield Bunker (Bunker),500,202,50%,-,LHA,26,4,19,-5,48,0.0% (-50.0% in blockstun),https://mizuumi.wiki/images/3/3b/MBCKoumaShieldBunker.png,
Kouma,Full_Moon,F-Kouma,Shield Bunker ((Clash)),500,202,50%,-,LHA,7,4,19,-5,48,0.0%/-50.0%,https://mizuumi.wiki/images/3/3b/MBCKoumaShieldBunker.png,
Kouma,Full_Moon,F-Kouma,Heat Activation,100,0,100%,-,U,16,2,25,-,42,uses all,https://mizuumi.wiki/images/b/bc/MBCKoumaHeat.png,
Kouma,Full_Moon,F-Kouma,Circuit Spark (Ground),100,0,100%,-,U,11,10,20,-,40,removes all,https://mizuumi.wiki/images/f/ff/MBCKoumaCircuitSpark.png,
Kouma,Full_Moon,F-Kouma,Circuit Spark (Air),100,0,100%,-,U,12,10,Until Landing+15,-,40,removes all,https://mizuumi.wiki/images/f/ff/MBCKoumaCircuitSpark.png,
Kouma,Full_Moon,F-Kouma,236A/B,600,505,100%,"-CH-, -EX-",LH,11,3,23,-11,36,2.7%,https://mizuumi.wiki/images/5/5a/MBFKouma236AB.png,
Kouma,Full_Moon,F-Kouma,236~236A/B,600 (1181),404 (896),100%,-CH-,LH,9,3,29,-17,36,6.3% (9.0%),https://mizuumi.wiki/images/5/5a/MBFKouma236AB.png,
Kouma,Full_Moon,F-Kouma,236~236A,700 (1758),404 (1228),100%,N,H,19,2,21,-8,36,9.0% (18.0%),https://mizuumi.wiki/images/5/5a/MBFKouma236AB.png,
Kouma,Full_Moon,F-Kouma,236~236B,700 (1758),404 (1228),100%,-,H,19,2,17,-3,36,7.2%,https://mizuumi.wiki/images/5/5a/MBFKouma236AB.png,
Kouma,Full_Moon,F-Kouma,236~236C,550 (1634),404 (1228),70% (O),-EX-,LH,16 ~ 29,4,21,-7,36,3.15%  (12.15%),https://mizuumi.wiki/images/5/5a/MBFKouma236AB.png,
Kouma,Full_Moon,F-Kouma,236~236[C],950 (1964),707 (1514),70% (O),-EX-,L,27,4,15,-1,36,5.4% (14.4%),https://mizuumi.wiki/images/5/5a/MBFKouma236AB.png,
Kouma,Full_Moon,F-Kouma,236C,"700*2, 800 (2128)",(1855),"100%*2, 80% (M)",-,LH,2+10 ~ 2+26,8,23,-12,36,-100.0%,https://mizuumi.wiki/images/5/5a/MBFKouma236AB.png,
Kouma,Full_Moon,F-Kouma,236[C],"1200*2, 1500 (3768)",(3031),"100%*2, 70% (O)",-,LH,2+25,8,23,-12,36,-100.0%,https://mizuumi.wiki/images/5/5a/MBFKouma236AB.png,
Kouma,Full_Moon,F-Kouma,623A (Hit),1000,707,70% (O),(J),LH,10,3,22,-7,34,9.0%,https://mizuumi.wiki/images/5/5a/MBFKouma623.png,
Kouma,Full_Moon,F-Kouma,623A (Anti-Air Grab),"0, 2000 (1937)",(1467),100%,-,U (Whiffs vs Ground.),9,1,25,-,34,0.0%,https://mizuumi.wiki/images/5/5a/MBFKouma623.png,
Kouma,Full_Moon,F-Kouma,623B (Hit),1000,707,70% (O),(J),LH,13,3,22,-7,34,9.0%,https://mizuumi.wiki/images/5/5a/MBFKouma623.png,
Kouma,Full_Moon,F-Kouma,623B (Anti-Air Grab),"0, 2200 (1491)",(1643),70% (M),-,U,12,1,25,-,34,0.0%,https://mizuumi.wiki/images/5/5a/MBFKouma623.png,
Kouma,Full_Moon,F-Kouma,623C (Hit),1500,1010,70% (O),(J),LH,4+6,3,22,-7,34,-100.0%,https://mizuumi.wiki/images/5/5a/MBFKouma623.png,
Kouma,Full_Moon,F-Kouma,623C (Anti-Air Grab),"0, 3000 (2906)",(2158),70% (O),-,U,4+5,1,25,-,34,-100.0%,https://mizuumi.wiki/images/5/5a/MBFKouma623.png,
Kouma,Full_Moon,F-Kouma,214A,2000 2200/2700,1515 1010/1515,100% 100%/25%,(CH),U,4,1,27,-,31,0.0%,https://mizuumi.wiki/images/2/20/MBCKouma214A.png,
Kouma,Full_Moon,F-Kouma,214B,2000 2200/2700,1515 1010/1515,100% 100%/25%,(CH),U,28,1,14,-,31,0.0%,https://mizuumi.wiki/images/2/20/MBCKouma214A.png,
Kouma,Full_Moon,F-Kouma,214A/B~236C,3000,2230,100%,-,-,-,-,-,-,31,-100.0%,https://mizuumi.wiki/images/2/20/MBCKouma214A.png,
Kouma,Full_Moon,F-Kouma,214C,3200,(2323),100%,-,U,5+1,1,36,-,31,-100.0%,https://mizuumi.wiki/images/2/20/MBCKouma214A.png,
Kouma,Full_Moon,F-Kouma,421A,-,-,-,-,-,-,-,39,-,39,-,https://mizuumi.wiki/images/1/12/MBFKouma421A.png,
Kouma,Full_Moon,F-Kouma,421B,-,-,-,-,-,-,-,41,-,39,-,https://mizuumi.wiki/images/1/12/MBFKouma421A.png,
Kouma,Full_Moon,F-Kouma,421C,-,-,-,-,-,-,-,35,-,39,-,https://mizuumi.wiki/images/1/12/MBFKouma421A.png,
Kouma,Full_Moon,F-Kouma,22A,1000,757,75% (O),-,LH,9,4,32,-8,44,7.2%,https://mizuumi.wiki/images/1/19/MBCKouma22A.png,
Kouma,Full_Moon,F-Kouma,22B,1000,757,75% (O),-,LH,15,4,22,1,44,7.2%,https://mizuumi.wiki/images/1/19/MBCKouma22A.png,
Kouma,Full_Moon,F-Kouma,22C,1000,606,100%,-,LHA,7+12,2,26,-10,44,-100.0%,https://mizuumi.wiki/images/1/19/MBCKouma22A.png,
Kouma,Full_Moon,F-Kouma,j.214A,1000,808,70% (O),-,LHA,13,X,Until Landing+13,3 (TK),25,10.0%,https://mizuumi.wiki/images/3/3c/MBCKoumaj214AB.png,
Kouma,Full_Moon,F-Kouma,j.214B,1000,808,100%,"EX, J",LHA,15,X,9,-7 (TK) / 8,25,10.0%,https://mizuumi.wiki/images/3/3c/MBCKoumaj214AB.png,
Kouma,Full_Moon,F-Kouma,j.214C,"600, 1900 (1895)",(1675),80% (M),-,LHA,1+9,2 (16) X,Until Landing+9,3 (TK),25,-100.0%,https://mizuumi.wiki/images/3/3c/MBCKoumaj214AB.png,
Kouma,Full_Moon,F-Kouma,j.214C (Whiff),-,-,-,-,-,1+9,2,Until Landing+9,-,25,-100.0%,https://mizuumi.wiki/images/3/3c/MBCKoumaj214AB.png,
Kouma,Full_Moon,F-Kouma,j.22A/B,-,-,-,"-N-, -J-",-,-,-,37,-,37,-,https://mizuumi.wiki/images/1/18/MBCKoumaj22A.png,
Kouma,Full_Moon,F-Kouma,j.22C,-,-,-,-,-,-,-,Until Landing+9,-,37,-,https://mizuumi.wiki/images/1/18/MBCKoumaj22A.png,
Kouma,Full_Moon,F-Kouma,Arc Drive,"900*10, 1200 (4017) 2500",(2533) (2121),50% 80%,-,U LHA,4+0,1 (5) 6,43,-21,59,removes all,https://mizuumi.wiki/images/e/eb/MBCKoumaAD.png,
Kouma,Full_Moon,F-Kouma,Another Arc Drive,16600 (5518) 3200,(4266) (2602),50% 80%,-,U LHA,4+0,2 (4) 10,26,-21,46,removes all,https://mizuumi.wiki/images/3/34/MBCKoumaAAD.png,
Kouma,Full_Moon,F-Kouma,Last Arc,"1200*7, 1300 (3600 ~ 7199)",(2421 ~ 4842),50% + 50% * remaining BH time,-,U,1+5 ~ 1+16 / 1+0 ~ 1+8,30,42,-,,removes all,https://mizuumi.wiki/images/0/02/MBCKoumaLA.png,
Kouma,Half_Moon,H-Kouma,5A,300,192,70% (O),"-SE-, -N-, -SP-, -CH-, -EX-, (J)",LH,5,4,8,0,16,2.1%,https://mizuumi.wiki/images/8/8d/MBHKouma5A.png,
Kouma,Half_Moon,H-Kouma,5A~6A,600,384,80% (M),"N, SP, -CH-, EX, (J)",LH,8,4,16,-5,16,4.2%,https://mizuumi.wiki/images/8/8d/MBHKouma5A.png,
Kouma,Half_Moon,H-Kouma,5A~6A~6A,1000,768,60% (O),"(N), SP, EX, (J)",LH,11,4,16,-2,16,7.0%,https://mizuumi.wiki/images/8/8d/MBHKouma5A.png,
Kouma,Half_Moon,H-Kouma,5B,700,432,70% (O),"N, SP, EX, (J)",LH,10,8,12,-5,29,4.9%,https://mizuumi.wiki/images/1/14/MBCKouma5B.png,
Kouma,Half_Moon,H-Kouma,5C,1000,672,90% (O),"N, SP, EX, (J)",LH,7,4,19,-5,29,7.0%,https://mizuumi.wiki/images/9/95/MBHKouma5C.png,
Kouma,Half_Moon,H-Kouma,2A,300,192,75% (O),"SE-, -N-, -SP-, -EX-, (J)",L,6,4,8,0,17,2.45%,https://mizuumi.wiki/images/f/f0/MBCKouma2A.png,
Kouma,Half_Moon,H-Kouma,2B,800,432,70% (O),"N, SP, EX, (J)",LH,7,3,20,-8,29,5.6%,https://mizuumi.wiki/images/1/17/MBHKouma2B.png,
Kouma,Half_Moon,H-Kouma,2C,800,432,65% (O),"N, SP, EX, (J)",L,10,3,14,1,26,6.65%,https://mizuumi.wiki/images/f/f1/MBCKouma2C.png,
Kouma,Half_Moon,H-Kouma,j.A,300,144,75% (O),"-SP-, -EX-",LHA,5,3,18,-,25,6.65%,https://mizuumi.wiki/images/d/de/MBHKoumajA.png,
Kouma,Half_Moon,H-Kouma,j.B,800,576,90% (O),"SP, EX",HA,6,3,20,-,28,5.6%,https://mizuumi.wiki/images/b/b3/MBHKoumajB.png,
Kouma,Half_Moon,H-Kouma,j.C,900,576,90% (O),"SP, EX",HA,11,5,20,-,35,6.3%,https://mizuumi.wiki/images/3/30/MBHKoumajC.png,
Kouma,Half_Moon,H-Kouma,6C,700,480,50% (O),"SP, EX, (J)",LH,15,4,19,-5,37,5.6%,https://mizuumi.wiki/images/2/2a/MBHKouma6C.png,
Kouma,Half_Moon,H-Kouma,Ground Throw,1300,768,70%,-,U,3,1,22,-,25,0.0%,https://mizuumi.wiki/images/0/05/MBCKoumaThrow.png,
Kouma,Half_Moon,H-Kouma,Air Throw,1600,576,30%,-,U,2,1,Until Landing+12,-,14,0.0%,https://mizuumi.wiki/images/d/da/MBCKoumaThrowAir.png,
Kouma,Half_Moon,H-Kouma,Shield Counter (Standing),500 (345),300 (198),40%,"SP, EX, (J)",LHA,9,4,18,-4,30,3.5%,https://mizuumi.wiki/images/1/16/MBCKoumaShieldCounter.png,
Kouma,Half_Moon,H-Kouma,Shield Counter (Crouching),1500 (1117),1000 (714),50%,"SP, EX, (J)",LA,9,4,18,-4,30,11.5%,https://mizuumi.wiki/images/1/16/MBCKoumaShieldCounter.png,
Kouma,Half_Moon,H-Kouma,Shield Counter (Air),500 (303),300 (174),50%,-,HA,9,4,-,-,30,3.5%,https://mizuumi.wiki/images/1/16/MBCKoumaShieldCounter.png,
Kouma,Half_Moon,H-Kouma,Shield Bunker (Neutral),500,192,50%,-,LHA,26,4,19,-5,48,0.0%,https://mizuumi.wiki/images/3/3b/MBCKoumaShieldBunker.png,
Kouma,Half_Moon,H-Kouma,Shield Bunker ((Clash)),500,192,50%,-,LHA,7,4,19,-5,48,0.0%,https://mizuumi.wiki/images/3/3b/MBCKoumaShieldBunker.png,
Kouma,Half_Moon,H-Kouma,Shield Bunker (Blockstun),0,0,100%,-,LHA,19,3,22,-7,48,-100.0%,https://mizuumi.wiki/images/3/3b/MBCKoumaShieldBunker.png,
Kouma,Half_Moon,H-Kouma,Circuit Spark (Ground),100,0,100%,-,U,11,10,20,-,40,removes all,https://mizuumi.wiki/images/f/ff/MBCKoumaCircuitSpark.png,
Kouma,Half_Moon,H-Kouma,Circuit Spark (Air),100,0,100%,-,U,12,10,Until Landing+15,-,40,removes all,https://mizuumi.wiki/images/f/ff/MBCKoumaCircuitSpark.png,
Kouma,Half_Moon,H-Kouma,236A,550,384,100%,"-EX-, (J)",LH,11,2,14,-1,26,2.45%,https://mizuumi.wiki/images/8/86/MBHKouma236A.png,
Kouma,Half_Moon,H-Kouma,236B,550*2 (1100),(756),100%,"-EX-, (J)",LH,11,3 (7) 2,17,-4,26,"2.45%, 3.15% (5.6%)",https://mizuumi.wiki/images/8/86/MBHKouma236A.png,
Kouma,Half_Moon,H-Kouma,236C,"850*2, 950 (2563)",(1764),"100% (O)*2, 80% (M)",-,LH,2+9,8,23,-12,26,-100.0%,https://mizuumi.wiki/images/8/86/MBHKouma236A.png,
Kouma,Half_Moon,H-Kouma,623A,"1000, 400*2 (1502)",(912),"75% (O), 80% (O)*2",-EX-,LH,23,8,13,1 ~ 13,43,"7.0% , 1.4%*2 (9.8%)",https://mizuumi.wiki/images/8/82/MBCKouma623A.png,
Kouma,Half_Moon,H-Kouma,623B,"400*2, 800 (1400)",(1008),100%,-CH-,"L, LH",6,6 (6) 3,35,-29,43,"2.1%*2, 5.6% (9.8%) 4.2% (14.0%)",https://mizuumi.wiki/images/8/82/MBCKouma623A.png,
Kouma,Half_Moon,H-Kouma,623~236X,600 (1877),(1417),80% (M),-,LHA,14,2,Until Landing+9,-,43,4.2% (14.0%),https://mizuumi.wiki/images/8/82/MBCKouma623A.png,
Kouma,Half_Moon,H-Kouma,623C,"800*2, 400*6 (3270)",(2767),100%,-,"LH (2), LHA (4)",3+3,"2, 4 (2) 3, 2, 2, 2, 2, 2",36,-24,43,-100.0%,https://mizuumi.wiki/images/8/82/MBCKouma623A.png,
Kouma,Half_Moon,H-Kouma,214A,2000 2200/2700,1440 960/1440,100% 100%/25%,(CH),U,4,1,27,-,31,0.0%,https://mizuumi.wiki/images/2/20/MBCKouma214A.png,
Kouma,Half_Moon,H-Kouma,214B,2000 2200/2700,1440 960/1440,100% 100%/25%,(CH),U,29,1,14,-,31,0.0%,https://mizuumi.wiki/images/2/20/MBCKouma214A.png,
Kouma,Half_Moon,H-Kouma,214A/B~236C,3000,2119,100%,-,-,-,-,-,-,31,-100.0%,https://mizuumi.wiki/images/2/20/MBCKouma214A.png,
Kouma,Half_Moon,H-Kouma,214C,3200,(2208),100%,-,U,5+7,1,36,-,31,-100.0%,https://mizuumi.wiki/images/2/20/MBCKouma214A.png,
Kouma,Half_Moon,H-Kouma,22A,1000,720,75% (O),N/A,LH,9,4,32,-8,44,5.6%,https://mizuumi.wiki/images/1/19/MBCKouma22A.png,
Kouma,Half_Moon,H-Kouma,22B,-,-,-,-,-,-,-,43,-,44,-,https://mizuumi.wiki/images/1/19/MBCKouma22A.png,
Kouma,Half_Moon,H-Kouma,22C,1000,576,100%,-,LHA,7+12,2,22,-6,44,-100.0%,https://mizuumi.wiki/images/1/19/MBCKouma22A.png,
Kouma,Half_Moon,H-Kouma,j.236A,800,576,100%,-CH-,LHA,10,3,Until Landing+6,-9 (TK),18,5.6%,https://mizuumi.wiki/images/4/4e/MBCKoumaj236AB.png,
Kouma,Half_Moon,H-Kouma,j.236B,"500, 700 (1096)",(793),100%,-CH-,LHA,8,"2, 3",Until Landing+6,-9 (TK),18,"3.5%, 4.2% (7.7%)",https://mizuumi.wiki/images/4/4e/MBCKoumaj236AB.png,
Kouma,Half_Moon,H-Kouma,j.236~236X,600,-,80% (M),-,LHA,14,2,Until Landing+9,-,18,4.2%,https://mizuumi.wiki/images/4/4e/MBCKoumaj236AB.png,
Kouma,Half_Moon,H-Kouma,j.236C,"300, 600, 350*5 (1883)",(1498),80% (O),-,LHA,2+2,"2 (2) 3, 2, 2, 2, 2, 2",Until Landing+3,18 (vs Stand) 10 (vs Crouch) (TK),18,-100.0%,https://mizuumi.wiki/images/4/4e/MBCKoumaj236AB.png,
Kouma,Half_Moon,H-Kouma,j.22A,-,-,-,"-N-, -J-",-,-,-,"32, Until Landing+8",-,40,-,https://mizuumi.wiki/images/1/18/MBCKoumaj22A.png,
Kouma,Half_Moon,H-Kouma,j.22B,-,-,-,"-N-, -J-",-,-,-,"15, Until Landing+8",-,40,-,https://mizuumi.wiki/images/1/18/MBCKoumaj22A.png,
Kouma,Half_Moon,H-Kouma,j.22C,-,-,-,-,-,-,-,Until Landing+9,-,40,-,https://mizuumi.wiki/images/1/18/MBCKoumaj22A.png,
Kouma,Half_Moon,H-Kouma,Arc Drive,"900*10, 1200 (4017) 2500",(2412) (2016),50% 80%,-,U LHA,4+0,1 (5) 6,43,-21,59,removes all,https://mizuumi.wiki/images/e/eb/MBCKoumaAD.png,
Kouma,Crescent_Moon,C-Kouma,5A,400,196,70% (O),"-SE-, -N-, -SP-, -EX-, (J)",LH,5,4,8,0,16,3.0%,https://mizuumi.wiki/images/f/f8/MBCKouma5A.png,
Kouma,Crescent_Moon,C-Kouma,5B,600,441,85% (O),"N, SP, -CH-, EX, (J)",LH,11,4,17,-6,31,6.0%,https://mizuumi.wiki/images/1/14/MBCKouma5B.png,
Kouma,Crescent_Moon,C-Kouma,5B~B,700,441,100%,"N, SP, EX, (J)",LH,10 ~ 22,6,14,-5,31,7.0%,https://mizuumi.wiki/images/1/14/MBCKouma5B.png,
Kouma,Crescent_Moon,C-Kouma,5B~[B],700,441,100%,"N, SP, EX, (J)",LH,23,6,14,-5,31,7.0%,https://mizuumi.wiki/images/1/14/MBCKouma5B.png,
Kouma,Crescent_Moon,C-Kouma,5C,900,784,90% (O),"N, SP, EX, (J)",LH,11,4,21,-7,35,9.0%,https://mizuumi.wiki/images/1/10/MBCKouma5C.png,
Kouma,Crescent_Moon,C-Kouma,2A,300,196,70% (O),"-SE-, -N-, -SP-, -EX-, (J)",L,5,4,8,0,16,3.5%,https://mizuumi.wiki/images/f/f0/MBCKouma2A.png,
Kouma,Crescent_Moon,C-Kouma,2B,600,392,85% (O),"N, SP, EX, (J)",L,9,6,9,0,23,7.0%,https://mizuumi.wiki/images/3/32/MBCKouma2B.png,
Kouma,Crescent_Moon,C-Kouma,2C,950,568,65% (O),"N, SP, EX, (J)",L,10,3,14,1,26,9.5%,https://mizuumi.wiki/images/f/f1/MBCKouma2C.png,
Kouma,Crescent_Moon,C-Kouma,j.A,300,147,75% (O),"SE, N, SP, EX, J",LHA,5,4,10,-,18,3.0%,https://mizuumi.wiki/images/c/c0/MBCKoumajA.png,
Kouma,Crescent_Moon,C-Kouma,j.B,650,441,90% (O),"N, SP, EX, J",HA,7,6,15,-,27,6.5%,https://mizuumi.wiki/images/1/1f/MBCKoumajB.png,
Kouma,Crescent_Moon,C-Kouma,j.C,900,588,90% (O),"N, SP, EX, J",HA,11,5,20,-,35,9.0%,https://mizuumi.wiki/images/a/a9/MBCKoumajC.png,
Kouma,Crescent_Moon,C-Kouma,6C,1000,784,65% (M),"N, SP, EX, (J)",HA,28,5,16,-4,48,10.0%,https://mizuumi.wiki/images/7/7b/MBCKouma6C.png,
Kouma,Crescent_Moon,C-Kouma,Ground Throw,1300,784,70%,-,U,3,1,22,-,25,0.0%,https://mizuumi.wiki/images/0/05/MBCKoumaThrow.png,
Kouma,Crescent_Moon,C-Kouma,Air Throw,1600,588,30%,-,U,2,1,Until Landing+12,-,14,0.0%,https://mizuumi.wiki/images/d/da/MBCKoumaThrowAir.png,
Kouma,Crescent_Moon,C-Kouma,Shield Bunker (Bunker),500,196,50%,-,LHA,26,4,19,-5,48,0.0% (-50.0% in blockstun),https://mizuumi.wiki/images/3/3b/MBCKoumaShieldBunker.png,
Kouma,Crescent_Moon,C-Kouma,Shield Bunker ((Clash)),500,196,50%,-,LHA,7,4,19,-5,48,0.0%/-50.0%,https://mizuumi.wiki/images/3/3b/MBCKoumaShieldBunker.png,
Kouma,Crescent_Moon,C-Kouma,Heat Activation,100,0,100%,-,U,16,2,25,-,42,-100.0% (min),https://mizuumi.wiki/images/b/bc/MBCKoumaHeat.png,
Kouma,Crescent_Moon,C-Kouma,Circuit Spark (Ground),100,0,100%,-,U,11,10,20,-,40,removes all,https://mizuumi.wiki/images/f/ff/MBCKoumaCircuitSpark.png,
Kouma,Crescent_Moon,C-Kouma,Circuit Spark (Air),100,0,100%,-,U,12,10,Until Landing+15,-,40,removes all,https://mizuumi.wiki/images/f/ff/MBCKoumaCircuitSpark.png,
Kouma,Crescent_Moon,C-Kouma,236A,500,392,70% (O),"-CH-, -EX-",L,15,4,15,-1,33,3.5%,https://mizuumi.wiki/images/9/97/MBCKouma236A.png,
Kouma,Crescent_Moon,C-Kouma,236B,800,392,70% (O),"-CH-, -EX-",LH,11,3,21,-9,33,3.5%,https://mizuumi.wiki/images/9/97/MBCKouma236A.png,
Kouma,Crescent_Moon,C-Kouma,236C,800,490,70% (O),-CH-,LH,11,4,20,-6,33,8.0%,https://mizuumi.wiki/images/9/97/MBCKouma236A.png,
Kouma,Crescent_Moon,C-Kouma,236~236C (1),500,294,65% (O),(CH),LHA,12,4,22,-8,33,5.0%,https://mizuumi.wiki/images/9/97/MBCKouma236A.png,
Kouma,Crescent_Moon,C-Kouma,236~236C (2),2100,-,-,-,U,-,-,-,-,33,0.0%,https://mizuumi.wiki/images/9/97/MBCKouma236A.png,
Kouma,Crescent_Moon,C-Kouma,623A,800,490,70% (O),-EX-,LH,9,8,13,-3,29,10.0%,https://mizuumi.wiki/images/8/82/MBCKouma623A.png,
Kouma,Crescent_Moon,C-Kouma,623B,"400*2, 800 (1400)",(1027),100%,-CH-,"L, LH",6,6 (6) 3,35,-29,29,"3.0%*2, 8.0% (14.0%)",https://mizuumi.wiki/images/8/82/MBCKouma623A.png,
Kouma,Crescent_Moon,C-Kouma,623~236X,600 (1877),(1417),80% (M),-,LHA,14,2,Until Landing+9,-,29,6.0% (20.0%),https://mizuumi.wiki/images/8/82/MBCKouma623A.png,
Kouma,Crescent_Moon,C-Kouma,623C,"800*2, 400*6 (3270)",(2824),100%,-,"LH (2), LHA (4)",3+3,"2, 4 (2) 3, 2, 2, 2, 2, 2",36,-24,29,-100.0%,https://mizuumi.wiki/images/8/82/MBCKouma623A.png,
Kouma,Crescent_Moon,C-Kouma,214A,2000 2200/2700,1470 980/1470,100% 100%/25%,(CH),U,4,1,27,-,31,0.0%,https://mizuumi.wiki/images/2/20/MBCKouma214A.png,
Kouma,Crescent_Moon,C-Kouma,214B,2000 2200/2700,1470 980/1470,100% 100%/25%,(CH),U,29,1,14,-,31,0.0%,https://mizuumi.wiki/images/2/20/MBCKouma214A.png,
Kouma,Crescent_Moon,C-Kouma,214A/B~623C/236C,3000,2164,100%,-,-,-,-,-,-,31,-100.0%,https://mizuumi.wiki/images/2/20/MBCKouma214A.png,
Kouma,Crescent_Moon,C-Kouma,214C,3200,(2254),100%,-,U,5+7,1,36,-,31,-100.0%,https://mizuumi.wiki/images/2/20/MBCKouma214A.png,
Kouma,Crescent_Moon,C-Kouma,22A,1000,735,75% (O),-,LH,9,4,32,-8,44,8.0%,https://mizuumi.wiki/images/1/19/MBCKouma22A.png,
Kouma,Crescent_Moon,C-Kouma,22B,-,-,-,-,-,-,-,43,-,44,-,https://mizuumi.wiki/images/1/19/MBCKouma22A.png,
Kouma,Crescent_Moon,C-Kouma,22C,1000,588,100%,-,LHA,7+12,2,26,-10,44,-100.0%,https://mizuumi.wiki/images/1/19/MBCKouma22A.png,
Kouma,Crescent_Moon,C-Kouma,j.236A,800,588,100%,-CH-,LHA,10,3,Until Landing+6,-9 (TK),18,8.0%,https://mizuumi.wiki/images/4/4e/MBCKoumaj236AB.png,
Kouma,Crescent_Moon,C-Kouma,j.236B,"500, 700 (1096)",(809),100%,-CH-,LHA,8,"2, 3",Until Landing+6,-9 (TK),18,"5.0%, 6.0% (11.0%)",https://mizuumi.wiki/images/4/4e/MBCKoumaj236AB.png,
Kouma,Crescent_Moon,C-Kouma,j.236~236X,600,-,80% (M),-,LHA,14,2,Until Landing+9,-,18,6.0%,https://mizuumi.wiki/images/4/4e/MBCKoumaj236AB.png,
Kouma,Crescent_Moon,C-Kouma,j.236C,"300, 600, 350*5 (1749)",(1413),70% (O),-,LHA,2+2,"2 (2) 3, 2, 2, 2, 2, 2",Until Landing+3,"18 (TK, all hits)",18,-100.0%,https://mizuumi.wiki/images/4/4e/MBCKoumaj236AB.png,
Kouma,Crescent_Moon,C-Kouma,j.214A,1000,784,70% (O),-,LHA,13,X,Until Landing+13,3 (TK),25,10.0%,https://mizuumi.wiki/images/3/3c/MBCKoumaj214AB.png,
Kouma,Crescent_Moon,C-Kouma,j.214B,1000,784,100%,"EX, J",LHA,15,X,9,-7 (TK) / 8,25,10.0%,https://mizuumi.wiki/images/3/3c/MBCKoumaj214AB.png,
Kouma,Crescent_Moon,C-Kouma,j.214C,"600, 1900 (1895)",(1625),"80% (M), 100% (O)",-,LHA,1+9,2 (16) X,Until Landing+9,3 (TK),25,"-100.0%, 2.5% (-97.5%)",https://mizuumi.wiki/images/3/3c/MBCKoumaj214AB.png,
Kouma,Crescent_Moon,C-Kouma,j.214C (Whiff),-,-,-,-,-,1+9,2,Until Landing+9,-,25,-100.0%,https://mizuumi.wiki/images/3/3c/MBCKoumaj214AB.png,
Kouma,Crescent_Moon,C-Kouma,j.22A/B,-,-,-,"-N-, -J-",-,-,-,"37, Until Landing+8",-,45,-,https://mizuumi.wiki/images/1/18/MBCKoumaj22A.png,
Kouma,Crescent_Moon,C-Kouma,j.22C,-,-,-,-,-,-,-,Until Landing+9,-,45,-,https://mizuumi.wiki/images/1/18/MBCKoumaj22A.png,
Kouma,Crescent_Moon,C-Kouma,Arc Drive,"900*10, 1200 (4017) 2500",(2458) (2058),50% 80%,-,U LHA,4+0,1 (5) 6,43,-21,59,removes all,https://mizuumi.wiki/images/e/eb/MBCKoumaAD.png,
Kouma,Crescent_Moon,C-Kouma,Another Arc Drive,16600 (5518) 3200,(4136) (2524),50% 80%,-,U LHA,4+0,2 (4) 10,26,-21,46,removes all,https://mizuumi.wiki/images/3/34/MBCKoumaAAD.png,
Kouma,Crescent_Moon,C-Kouma,Last Arc,"1200*7, 1300 (3600 ~ 7199)",(2421 ~ 4842),50% + 50% * remaining BH time,-,U,1+5 ~ 1+16 / 1+0 ~ 1+8,30,42,-,,removes all,https://mizuumi.wiki/images/0/02/MBCKoumaLA.png,
